SampleID;Tissue;Factor;Condition;Treatment;Replicate;bamReads;Peaks;PeakCaller;PeakFormat;
MPI000637_204526230010_R09C01;;ATAC;low;veh;1;/Users/anastasiia_hry/Documents/MPIP/SIgne/08_peaks/07_filter_CNV/mpg_L18015_7C_veh_S26.cutadapt.sorted.filtered.rmDups.noCNV.bam;/Users/anastasiia_hry/Documents/MPIP/SIgne/08_peaks/06_MASC2_callpeak/mpg_L18015_7C_veh_S26_peaks.narrowPeak.filt.gz;macs;narrow;7C
MPI002418_204526230008_R01C02;;ATAC;low;veh;1;/Users/anastasiia_hry/Documents/MPIP/SIgne/08_peaks/07_filter_CNV/mpg_L18015_14D_veh_S33.cutadapt.sorted.filtered.rmDups.noCNV.bam;/Users/anastasiia_hry/Documents/MPIP/SIgne/08_peaks/06_MASC2_callpeak/mpg_L18015_14D_veh_S33_peaks.narrowPeak.filt.gz;macs;narrow;14D
MPI003787_204526230010_R04C01;;ATAC;high;dex;2;/Users/anastasiia_hry/Documents/MPIP/SIgne/08_peaks/07_filter_CNV/mpg_L18015_15B_dex_S72.cutadapt.sorted.filtered.rmDups.noCNV.bam;/Users/anastasiia_hry/Documents/MPIP/SIgne/08_peaks/06_MASC2_callpeak/mpg_L18015_15B_dex_S72_peaks.narrowPeak.filt.gz;macs;narrow;15B
MPI001701_204526230010_R03C01;;ATAC;high;veh;1;/Users/anastasiia_hry/Documents/MPIP/SIgne/08_peaks/07_filter_CNV/mpg_L18015_14B_veh_S60.cutadapt.sorted.filtered.rmDups.noCNV.bam;/Users/anastasiia_hry/Documents/MPIP/SIgne/08_peaks/06_MASC2_callpeak/mpg_L18015_14B_veh_S60_peaks.narrowPeak.filt.gz;macs;narrow;14B
MPI003231_204526230010_R12C01;;ATAC;high;veh;1;/Users/anastasiia_hry/Documents/MPIP/SIgne/08_peaks/07_filter_CNV/mpg_L18015_18D_veh_S62.cutadapt.sorted.filtered.rmDups.noCNV.bam;/Users/anastasiia_hry/Documents/MPIP/SIgne/08_peaks/06_MASC2_callpeak/mpg_L18015_18D_veh_S62_peaks.narrowPeak.filt.gz;macs;narrow;18D
MPI004171_204526230008_R03C02;;ATAC;low;dex;2;/Users/anastasiia_hry/Documents/MPIP/SIgne/08_peaks/07_filter_CNV/mpg_L18015_13D_dex_S74.cutadapt.sorted.filtered.rmDups.noCNV.bam;/Users/anastasiia_hry/Documents/MPIP/SIgne/08_peaks/06_MASC2_callpeak/mpg_L18015_13D_dex_S74_peaks.narrowPeak.filt.gz;macs;narrow;13D
MPI002604_204526230008_R09C02;;ATAC;low;dex;2;/Users/anastasiia_hry/Documents/MPIP/SIgne/08_peaks/07_filter_CNV/mpg_L18015_2D_dex_S73.cutadapt.sorted.filtered.rmDups.noCNV.bam;/Users/anastasiia_hry/Documents/MPIP/SIgne/08_peaks/06_MASC2_callpeak/mpg_L18015_2D_dex_S73_peaks.narrowPeak.filt.gz;macs;narrow;2D
MPI004054_204526230010_R06C02;;ATAC;low;dex;2;/Users/anastasiia_hry/Documents/MPIP/SIgne/08_peaks/07_filter_CNV/mpg_L18015_12A_dex_S63.cutadapt.sorted.filtered.rmDups.noCNV.bam;/Users/anastasiia_hry/Documents/MPIP/SIgne/08_peaks/06_MASC2_callpeak/mpg_L18015_12A_dex_S63_peaks.narrowPeak.filt.gz;macs;narrow;12A
MPI001263_204526230010_R11C01;;ATAC;high;veh;1;/Users/anastasiia_hry/Documents/MPIP/SIgne/08_peaks/07_filter_CNV/mpg_L18015_7D_veh_S24.cutadapt.sorted.filtered.rmDups.noCNV.bam;/Users/anastasiia_hry/Documents/MPIP/SIgne/08_peaks/06_MASC2_callpeak/mpg_L18015_7D_veh_S24_peaks.narrowPeak.filt.gz;macs;narrow;7D
MPI001786_204526230008_R11C02;;ATAC;high;veh;1;/Users/anastasiia_hry/Documents/MPIP/SIgne/08_peaks/07_filter_CNV/mpg_L18015_3A_veh_S38.cutadapt.sorted.filtered.rmDups.noCNV.bam;/Users/anastasiia_hry/Documents/MPIP/SIgne/08_peaks/06_MASC2_callpeak/mpg_L18015_3A_veh_S38_peaks.narrowPeak.filt.gz;macs;narrow;3A
MPI001946_204526230008_R10C01;;ATAC;high;veh;1;/Users/anastasiia_hry/Documents/MPIP/SIgne/08_peaks/07_filter_CNV/mpg_L18015_17A_veh_S50.cutadapt.sorted.filtered.rmDups.noCNV.bam;/Users/anastasiia_hry/Documents/MPIP/SIgne/08_peaks/06_MASC2_callpeak/mpg_L18015_17A_veh_S50_peaks.narrowPeak.filt.gz;macs;narrow;17A
MPI001113_204526230008_R07C02;;ATAC;high;dex;2;/Users/anastasiia_hry/Documents/MPIP/SIgne/08_peaks/07_filter_CNV/mpg_L18015_13C_dex_S19.cutadapt.sorted.filtered.rmDups.noCNV.bam;/Users/anastasiia_hry/Documents/MPIP/SIgne/08_peaks/06_MASC2_callpeak/mpg_L18015_13C_dex_S19_peaks.narrowPeak.filt.gz;macs;narrow;13C
MPI000972_204526230010_R10C01;;ATAC;low;veh;1;/Users/anastasiia_hry/Documents/MPIP/SIgne/08_peaks/07_filter_CNV/mpg_L18015_9C_veh_S54.cutadapt.sorted.filtered.rmDups.noCNV.bam;/Users/anastasiia_hry/Documents/MPIP/SIgne/08_peaks/06_MASC2_callpeak/mpg_L18015_9C_veh_S54_peaks.narrowPeak.filt.gz;macs;narrow;9C
MPI004100_204526230010_R09C02;;ATAC;low;dex;2;/Users/anastasiia_hry/Documents/MPIP/SIgne/08_peaks/07_filter_CNV/mpg_L18015_11A_dex_S94.cutadapt.sorted.filtered.rmDups.noCNV.bam;/Users/anastasiia_hry/Documents/MPIP/SIgne/08_peaks/06_MASC2_callpeak/mpg_L18015_11A_dex_S94_peaks.narrowPeak.filt.gz;macs;narrow;11A
MPI003331_204526230010_R08C01;;ATAC;low;veh;1;/Users/anastasiia_hry/Documents/MPIP/SIgne/08_peaks/07_filter_CNV/mpg_L18015_9B_veh_S88.cutadapt.sorted.filtered.rmDups.noCNV.bam;/Users/anastasiia_hry/Documents/MPIP/SIgne/08_peaks/06_MASC2_callpeak/mpg_L18015_9B_veh_S88_peaks.narrowPeak.filt.gz;macs;narrow;9B
MPI003520_204526230008_R03C01;;ATAC;high;veh;1;/Users/anastasiia_hry/Documents/MPIP/SIgne/08_peaks/07_filter_CNV/mpg_L18015_18B_veh_S16.cutadapt.sorted.filtered.rmDups.noCNV.bam;/Users/anastasiia_hry/Documents/MPIP/SIgne/08_peaks/06_MASC2_callpeak/mpg_L18015_18B_veh_S16_peaks.narrowPeak.filt.gz;macs;narrow;18B
MPI000988_204526230010_R05C02;;ATAC;high;veh;1;/Users/anastasiia_hry/Documents/MPIP/SIgne/08_peaks/07_filter_CNV/mpg_L18015_10C_veh_S87.cutadapt.sorted.filtered.rmDups.noCNV.bam;/Users/anastasiia_hry/Documents/MPIP/SIgne/08_peaks/06_MASC2_callpeak/mpg_L18015_10C_veh_S87_peaks.narrowPeak.filt.gz;macs;narrow;10C
MPI004171_204526230008_R03C02;;ATAC;low;veh;1;/Users/anastasiia_hry/Documents/MPIP/SIgne/08_peaks/07_filter_CNV/mpg_L18015_13D_veh_S66.cutadapt.sorted.filtered.rmDups.noCNV.bam;/Users/anastasiia_hry/Documents/MPIP/SIgne/08_peaks/06_MASC2_callpeak/mpg_L18015_13D_veh_S66_peaks.narrowPeak.filt.gz;macs;narrow;13D
MPI003331_204526230010_R08C01;;ATAC;low;dex;2;/Users/anastasiia_hry/Documents/MPIP/SIgne/08_peaks/07_filter_CNV/mpg_L18015_9B_dex_S12.cutadapt.sorted.filtered.rmDups.noCNV.bam;/Users/anastasiia_hry/Documents/MPIP/SIgne/08_peaks/06_MASC2_callpeak/mpg_L18015_9B_dex_S12_peaks.narrowPeak.filt.gz;macs;narrow;9B
MPI001766_204526230008_R12C01;;ATAC;low;veh;1;/Users/anastasiia_hry/Documents/MPIP/SIgne/08_peaks/07_filter_CNV/mpg_L18015_14C_veh_S5.cutadapt.sorted.filtered.rmDups.noCNV.bam;/Users/anastasiia_hry/Documents/MPIP/SIgne/08_peaks/06_MASC2_callpeak/mpg_L18015_14C_veh_S5_peaks.narrowPeak.filt.gz;macs;narrow;14C
MPI003520_204526230008_R03C01;;ATAC;high;dex;2;/Users/anastasiia_hry/Documents/MPIP/SIgne/08_peaks/07_filter_CNV/mpg_L18015_18B_dex_S45.cutadapt.sorted.filtered.rmDups.noCNV.bam;/Users/anastasiia_hry/Documents/MPIP/SIgne/08_peaks/06_MASC2_callpeak/mpg_L18015_18B_dex_S45_peaks.narrowPeak.filt.gz;macs;narrow;18B
MPI004215_204526230008_R08C01;;ATAC;high;dex;2;/Users/anastasiia_hry/Documents/MPIP/SIgne/08_peaks/07_filter_CNV/mpg_L18015_16D_dex_S75.cutadapt.sorted.filtered.rmDups.noCNV.bam;/Users/anastasiia_hry/Documents/MPIP/SIgne/08_peaks/06_MASC2_callpeak/mpg_L18015_16D_dex_S75_peaks.narrowPeak.filt.gz;macs;narrow;16D
MPI001946_204526230008_R10C01;;ATAC;high;dex;2;/Users/anastasiia_hry/Documents/MPIP/SIgne/08_peaks/07_filter_CNV/mpg_L18015_17A_dex_S90.cutadapt.sorted.filtered.rmDups.noCNV.bam;/Users/anastasiia_hry/Documents/MPIP/SIgne/08_peaks/06_MASC2_callpeak/mpg_L18015_17A_dex_S90_peaks.narrowPeak.filt.gz;macs;narrow;17A
MPI003353_204526230010_R07C02;;ATAC;low;veh;1;/Users/anastasiia_hry/Documents/MPIP/SIgne/08_peaks/07_filter_CNV/mpg_L18015_10D_veh_S93.cutadapt.sorted.filtered.rmDups.noCNV.bam;/Users/anastasiia_hry/Documents/MPIP/SIgne/08_peaks/06_MASC2_callpeak/mpg_L18015_10D_veh_S93_peaks.narrowPeak.filt.gz;macs;narrow;10D
MPI002319_204526230008_R02C01;;ATAC;low;veh;1;/Users/anastasiia_hry/Documents/MPIP/SIgne/08_peaks/07_filter_CNV/mpg_L18015_16E_veh_S49.cutadapt.sorted.filtered.rmDups.noCNV.bam;/Users/anastasiia_hry/Documents/MPIP/SIgne/08_peaks/06_MASC2_callpeak/mpg_L18015_16E_veh_S49_peaks.narrowPeak.filt.gz;macs;narrow;16E
MPI001109_204526230010_R04C02;;ATAC;high;veh;1;/Users/anastasiia_hry/Documents/MPIP/SIgne/08_peaks/07_filter_CNV/mpg_L18015_11D_veh_S92.cutadapt.sorted.filtered.rmDups.noCNV.bam;/Users/anastasiia_hry/Documents/MPIP/SIgne/08_peaks/06_MASC2_callpeak/mpg_L18015_11D_veh_S92_peaks.narrowPeak.filt.gz;macs;narrow;11D
MPI004251_204526230008_R01C01;;ATAC;high;veh;1;/Users/anastasiia_hry/Documents/MPIP/SIgne/08_peaks/07_filter_CNV/mpg_L18015_13B_veh_S36.cutadapt.sorted.filtered.rmDups.noCNV.bam;/Users/anastasiia_hry/Documents/MPIP/SIgne/08_peaks/06_MASC2_callpeak/mpg_L18015_13B_veh_S36_peaks.narrowPeak.filt.gz;macs;narrow;13B
MPI000708_204526230010_R07C01;;ATAC;low;veh;1;/Users/anastasiia_hry/Documents/MPIP/SIgne/08_peaks/07_filter_CNV/mpg_L18015_7A_veh_S14.cutadapt.sorted.filtered.rmDups.noCNV.bam;/Users/anastasiia_hry/Documents/MPIP/SIgne/08_peaks/06_MASC2_callpeak/mpg_L18015_7A_veh_S14_peaks.narrowPeak.filt.gz;macs;narrow;7A
MPI004251_204526230008_R01C01;;ATAC;high;dex;2;/Users/anastasiia_hry/Documents/MPIP/SIgne/08_peaks/07_filter_CNV/mpg_L18015_13B_dex_S18.cutadapt.sorted.filtered.rmDups.noCNV.bam;/Users/anastasiia_hry/Documents/MPIP/SIgne/08_peaks/06_MASC2_callpeak/mpg_L18015_13B_dex_S18_peaks.narrowPeak.filt.gz;macs;narrow;13B
MPI002802_204526230008_R04C02;;ATAC;low;dex;2;/Users/anastasiia_hry/Documents/MPIP/SIgne/08_peaks/07_filter_CNV/mpg_L18015_18C_dex_S69.cutadapt.sorted.filtered.rmDups.noCNV.bam;/Users/anastasiia_hry/Documents/MPIP/SIgne/08_peaks/06_MASC2_callpeak/mpg_L18015_18C_dex_S69_peaks.narrowPeak.filt.gz;macs;narrow;18C
MPI002095_204526230010_R10C02;;ATAC;low;veh;1;/Users/anastasiia_hry/Documents/MPIP/SIgne/08_peaks/07_filter_CNV/mpg_L18015_12C_veh_S57.cutadapt.sorted.filtered.rmDups.noCNV.bam;/Users/anastasiia_hry/Documents/MPIP/SIgne/08_peaks/06_MASC2_callpeak/mpg_L18015_12C_veh_S57_peaks.narrowPeak.filt.gz;macs;narrow;12C
MPI003162_204526230008_R02C02;;ATAC;low;dex;2;/Users/anastasiia_hry/Documents/MPIP/SIgne/08_peaks/07_filter_CNV/mpg_L18015_3B_dex_S11.cutadapt.sorted.filtered.rmDups.noCNV.bam;/Users/anastasiia_hry/Documents/MPIP/SIgne/08_peaks/06_MASC2_callpeak/mpg_L18015_3B_dex_S11_peaks.narrowPeak.filt.gz;macs;narrow;3B
MPI002468_204526230010_R01C01;;ATAC;high;veh;1;/Users/anastasiia_hry/Documents/MPIP/SIgne/08_peaks/07_filter_CNV/mpg_L18015_16B_veh_S78.cutadapt.sorted.filtered.rmDups.noCNV.bam;/Users/anastasiia_hry/Documents/MPIP/SIgne/08_peaks/06_MASC2_callpeak/mpg_L18015_16B_veh_S78_peaks.narrowPeak.filt.gz;macs;narrow;16B
MPI002658_204526230010_R05C01;;ATAC;low;dex;2;/Users/anastasiia_hry/Documents/MPIP/SIgne/08_peaks/07_filter_CNV/mpg_L18015_17D_dex_S64.cutadapt.sorted.filtered.rmDups.noCNV.bam;/Users/anastasiia_hry/Documents/MPIP/SIgne/08_peaks/06_MASC2_callpeak/mpg_L18015_17D_dex_S64_peaks.narrowPeak.filt.gz;macs;narrow;17D
MPI003472_204526230008_R08C02;;ATAC;high;veh;1;/Users/anastasiia_hry/Documents/MPIP/SIgne/08_peaks/07_filter_CNV/mpg_L18015_4B_veh_S59.cutadapt.sorted.filtered.rmDups.noCNV.bam;/Users/anastasiia_hry/Documents/MPIP/SIgne/08_peaks/06_MASC2_callpeak/mpg_L18015_4B_veh_S59_peaks.narrowPeak.filt.gz;macs;narrow;4B
MPI004054_204526230010_R06C02;;ATAC;low;veh;1;/Users/anastasiia_hry/Documents/MPIP/SIgne/08_peaks/07_filter_CNV/mpg_L18015_12A_veh_S95.cutadapt.sorted.filtered.rmDups.noCNV.bam;/Users/anastasiia_hry/Documents/MPIP/SIgne/08_peaks/06_MASC2_callpeak/mpg_L18015_12A_veh_S95_peaks.narrowPeak.filt.gz;macs;narrow;12A
MPI002613_204526230010_R08C02;;ATAC;high;dex;2;/Users/anastasiia_hry/Documents/MPIP/SIgne/08_peaks/07_filter_CNV/mpg_L18015_12B_dex_S21.cutadapt.sorted.filtered.rmDups.noCNV.bam;/Users/anastasiia_hry/Documents/MPIP/SIgne/08_peaks/06_MASC2_callpeak/mpg_L18015_12B_dex_S21_peaks.narrowPeak.filt.gz;macs;narrow;12B
MPI003231_204526230010_R12C01;;ATAC;high;dex;2;/Users/anastasiia_hry/Documents/MPIP/SIgne/08_peaks/07_filter_CNV/mpg_L18015_18D_dex_S41.cutadapt.sorted.filtered.rmDups.noCNV.bam;/Users/anastasiia_hry/Documents/MPIP/SIgne/08_peaks/06_MASC2_callpeak/mpg_L18015_18D_dex_S41_peaks.narrowPeak.filt.gz;macs;narrow;18D
MPI002533_204526230010_R11C02;;ATAC;high;dex;2;/Users/anastasiia_hry/Documents/MPIP/SIgne/08_peaks/07_filter_CNV/mpg_L18015_11B_dex_S32.cutadapt.sorted.filtered.rmDups.noCNV.bam;/Users/anastasiia_hry/Documents/MPIP/SIgne/08_peaks/06_MASC2_callpeak/mpg_L18015_11B_dex_S32_peaks.narrowPeak.filt.gz;macs;narrow;11B
MPI002802_204526230008_R04C02;;ATAC;low;veh;1;/Users/anastasiia_hry/Documents/MPIP/SIgne/08_peaks/07_filter_CNV/mpg_L18015_18C_veh_S28.cutadapt.sorted.filtered.rmDups.noCNV.bam;/Users/anastasiia_hry/Documents/MPIP/SIgne/08_peaks/06_MASC2_callpeak/mpg_L18015_18C_veh_S28_peaks.narrowPeak.filt.gz;macs;narrow;18C
MPI003934_204526230008_R12C02;;ATAC;high;veh;1;/Users/anastasiia_hry/Documents/MPIP/SIgne/08_peaks/07_filter_CNV/mpg_L18015_17B_veh_S27.cutadapt.sorted.filtered.rmDups.noCNV.bam;/Users/anastasiia_hry/Documents/MPIP/SIgne/08_peaks/06_MASC2_callpeak/mpg_L18015_17B_veh_S27_peaks.narrowPeak.filt.gz;macs;narrow;17B
MPI002418_204526230008_R01C02;;ATAC;low;dex;2;/Users/anastasiia_hry/Documents/MPIP/SIgne/08_peaks/07_filter_CNV/mpg_L18015_14D_dex_S83.cutadapt.sorted.filtered.rmDups.noCNV.bam;/Users/anastasiia_hry/Documents/MPIP/SIgne/08_peaks/06_MASC2_callpeak/mpg_L18015_14D_dex_S83_peaks.narrowPeak.filt.gz;macs;narrow;14D
MPI001109_204526230010_R04C02;;ATAC;high;dex;2;/Users/anastasiia_hry/Documents/MPIP/SIgne/08_peaks/07_filter_CNV/mpg_L18015_11D_dex_S22.cutadapt.sorted.filtered.rmDups.noCNV.bam;/Users/anastasiia_hry/Documents/MPIP/SIgne/08_peaks/06_MASC2_callpeak/mpg_L18015_11D_dex_S22_peaks.narrowPeak.filt.gz;macs;narrow;11D
MPI001786_204526230008_R11C02;;ATAC;high;dex;2;/Users/anastasiia_hry/Documents/MPIP/SIgne/08_peaks/07_filter_CNV/mpg_L18015_3A_dex_S58.cutadapt.sorted.filtered.rmDups.noCNV.bam;/Users/anastasiia_hry/Documents/MPIP/SIgne/08_peaks/06_MASC2_callpeak/mpg_L18015_3A_dex_S58_peaks.narrowPeak.filt.gz;macs;narrow;3A
MPI003934_204526230008_R12C02;;ATAC;high;dex;2;/Users/anastasiia_hry/Documents/MPIP/SIgne/08_peaks/07_filter_CNV/mpg_L18015_17B_dex_S46.cutadapt.sorted.filtered.rmDups.noCNV.bam;/Users/anastasiia_hry/Documents/MPIP/SIgne/08_peaks/06_MASC2_callpeak/mpg_L18015_17B_dex_S46_peaks.narrowPeak.filt.gz;macs;narrow;17B
MPI002383_204526230010_R02C02;;ATAC;low;veh;1;/Users/anastasiia_hry/Documents/MPIP/SIgne/08_peaks/07_filter_CNV/mpg_L18015_11C_veh_S3.cutadapt.sorted.filtered.rmDups.noCNV.bam;/Users/anastasiia_hry/Documents/MPIP/SIgne/08_peaks/06_MASC2_callpeak/mpg_L18015_11C_veh_S3_peaks.narrowPeak.filt.gz;macs;narrow;11C
MPI004215_204526230008_R08C01;;ATAC;high;veh;1;/Users/anastasiia_hry/Documents/MPIP/SIgne/08_peaks/07_filter_CNV/mpg_L18015_16D_veh_S44.cutadapt.sorted.filtered.rmDups.noCNV.bam;/Users/anastasiia_hry/Documents/MPIP/SIgne/08_peaks/06_MASC2_callpeak/mpg_L18015_16D_veh_S44_peaks.narrowPeak.filt.gz;macs;narrow;16D
MPI004246_204526230010_R12C02;;ATAC;high;dex;2;/Users/anastasiia_hry/Documents/MPIP/SIgne/08_peaks/07_filter_CNV/mpg_L18015_12D_dex_S29.cutadapt.sorted.filtered.rmDups.noCNV.bam;/Users/anastasiia_hry/Documents/MPIP/SIgne/08_peaks/06_MASC2_callpeak/mpg_L18015_12D_dex_S29_peaks.narrowPeak.filt.gz;macs;narrow;12D
MPI001113_204526230008_R07C02;;ATAC;high;veh;1;/Users/anastasiia_hry/Documents/MPIP/SIgne/08_peaks/07_filter_CNV/mpg_L18015_13C_veh_S79.cutadapt.sorted.filtered.rmDups.noCNV.bam;/Users/anastasiia_hry/Documents/MPIP/SIgne/08_peaks/06_MASC2_callpeak/mpg_L18015_13C_veh_S79_peaks.narrowPeak.filt.gz;macs;narrow;13C
MPI001547_204526230008_R05C02;;ATAC;high;dex;2;/Users/anastasiia_hry/Documents/MPIP/SIgne/08_peaks/07_filter_CNV/mpg_L18015_18A_dex_S1.cutadapt.sorted.filtered.rmDups.noCNV.bam;/Users/anastasiia_hry/Documents/MPIP/SIgne/08_peaks/06_MASC2_callpeak/mpg_L18015_18A_dex_S1_peaks.narrowPeak.filt.gz;macs;narrow;18A
MPI001667_204526230008_R06C02;;ATAC;high;veh;1;/Users/anastasiia_hry/Documents/MPIP/SIgne/08_peaks/07_filter_CNV/mpg_L18015_3D_veh_S80.cutadapt.sorted.filtered.rmDups.noCNV.bam;/Users/anastasiia_hry/Documents/MPIP/SIgne/08_peaks/06_MASC2_callpeak/mpg_L18015_3D_veh_S80_peaks.narrowPeak.filt.gz;macs;narrow;3D
MPI000637_204526230010_R09C01;;ATAC;low;dex;2;/Users/anastasiia_hry/Documents/MPIP/SIgne/08_peaks/07_filter_CNV/mpg_L18015_7C_dex_S84.cutadapt.sorted.filtered.rmDups.noCNV.bam;/Users/anastasiia_hry/Documents/MPIP/SIgne/08_peaks/06_MASC2_callpeak/mpg_L18015_7C_dex_S84_peaks.narrowPeak.filt.gz;macs;narrow;7C
MPI001386_204526230008_R11C01;;ATAC;high;dex;2;/Users/anastasiia_hry/Documents/MPIP/SIgne/08_peaks/07_filter_CNV/mpg_L18015_15A_dex_S4.cutadapt.sorted.filtered.rmDups.noCNV.bam;/Users/anastasiia_hry/Documents/MPIP/SIgne/08_peaks/06_MASC2_callpeak/mpg_L18015_15A_dex_S4_peaks.narrowPeak.filt.gz;macs;narrow;15A
MPI002468_204526230010_R01C01;;ATAC;high;dex;2;/Users/anastasiia_hry/Documents/MPIP/SIgne/08_peaks/07_filter_CNV/mpg_L18015_16B_dex_S2.cutadapt.sorted.filtered.rmDups.noCNV.bam;/Users/anastasiia_hry/Documents/MPIP/SIgne/08_peaks/06_MASC2_callpeak/mpg_L18015_16B_dex_S2_peaks.narrowPeak.filt.gz;macs;narrow;16B
MPI002088_204526230010_R01C02;;ATAC;low;dex;2;/Users/anastasiia_hry/Documents/MPIP/SIgne/08_peaks/07_filter_CNV/mpg_L18015_10A_dex_S56.cutadapt.sorted.filtered.rmDups.noCNV.bam;/Users/anastasiia_hry/Documents/MPIP/SIgne/08_peaks/06_MASC2_callpeak/mpg_L18015_10A_dex_S56_peaks.narrowPeak.filt.gz;macs;narrow;10A
MPI003013_204526230010_R06C01;;ATAC;high;veh;1;/Users/anastasiia_hry/Documents/MPIP/SIgne/08_peaks/07_filter_CNV/mpg_L18015_9A_veh_S82.cutadapt.sorted.filtered.rmDups.noCNV.bam;/Users/anastasiia_hry/Documents/MPIP/SIgne/08_peaks/06_MASC2_callpeak/mpg_L18015_9A_veh_S82_peaks.narrowPeak.filt.gz;macs;narrow;9A
MPI000972_204526230010_R10C01;;ATAC;low;dex;2;/Users/anastasiia_hry/Documents/MPIP/SIgne/08_peaks/07_filter_CNV/mpg_L18015_9C_dex_S71.cutadapt.sorted.filtered.rmDups.noCNV.bam;/Users/anastasiia_hry/Documents/MPIP/SIgne/08_peaks/06_MASC2_callpeak/mpg_L18015_9C_dex_S71_peaks.narrowPeak.filt.gz;macs;narrow;9C
MPI001048_204526230010_R03C02;;ATAC;high;veh;1;/Users/anastasiia_hry/Documents/MPIP/SIgne/08_peaks/07_filter_CNV/mpg_L18015_10B_veh_S70.cutadapt.sorted.filtered.rmDups.noCNV.bam;/Users/anastasiia_hry/Documents/MPIP/SIgne/08_peaks/06_MASC2_callpeak/mpg_L18015_10B_veh_S70_peaks.narrowPeak.filt.gz;macs;narrow;10B
MPI001389_204526230008_R06C01;;ATAC;low;veh;1;/Users/anastasiia_hry/Documents/MPIP/SIgne/08_peaks/07_filter_CNV/mpg_L18015_15C_veh_S89.cutadapt.sorted.filtered.rmDups.noCNV.bam;/Users/anastasiia_hry/Documents/MPIP/SIgne/08_peaks/06_MASC2_callpeak/mpg_L18015_15C_veh_S89_peaks.narrowPeak.filt.gz;macs;narrow;15C
MPI003785_204526230008_R09C01;;ATAC;high;dex;2;/Users/anastasiia_hry/Documents/MPIP/SIgne/08_peaks/07_filter_CNV/mpg_L18015_14A_dex_S35.cutadapt.sorted.filtered.rmDups.noCNV.bam;/Users/anastasiia_hry/Documents/MPIP/SIgne/08_peaks/06_MASC2_callpeak/mpg_L18015_14A_dex_S35_peaks.narrowPeak.filt.gz;macs;narrow;14A
MPI003155_204526230008_R07C01;;ATAC;low;veh;1;/Users/anastasiia_hry/Documents/MPIP/SIgne/08_peaks/07_filter_CNV/mpg_L18015_15D_veh_S31.cutadapt.sorted.filtered.rmDups.noCNV.bam;/Users/anastasiia_hry/Documents/MPIP/SIgne/08_peaks/06_MASC2_callpeak/mpg_L18015_15D_veh_S31_peaks.narrowPeak.filt.gz;macs;narrow;15D
MPI001886_204526230008_R04C01;;ATAC;low;veh;1;/Users/anastasiia_hry/Documents/MPIP/SIgne/08_peaks/07_filter_CNV/mpg_L18015_13A_veh_S61.cutadapt.sorted.filtered.rmDups.noCNV.bam;/Users/anastasiia_hry/Documents/MPIP/SIgne/08_peaks/06_MASC2_callpeak/mpg_L18015_13A_veh_S61_peaks.narrowPeak.filt.gz;macs;narrow;13A
MPI003787_204526230010_R04C01;;ATAC;high;veh;1;/Users/anastasiia_hry/Documents/MPIP/SIgne/08_peaks/07_filter_CNV/mpg_L18015_15B_veh_S9.cutadapt.sorted.filtered.rmDups.noCNV.bam;/Users/anastasiia_hry/Documents/MPIP/SIgne/08_peaks/06_MASC2_callpeak/mpg_L18015_15B_veh_S9_peaks.narrowPeak.filt.gz;macs;narrow;15B
MPI004246_204526230010_R12C02;;ATAC;high;veh;1;/Users/anastasiia_hry/Documents/MPIP/SIgne/08_peaks/07_filter_CNV/mpg_L18015_12D_veh_S68.cutadapt.sorted.filtered.rmDups.noCNV.bam;/Users/anastasiia_hry/Documents/MPIP/SIgne/08_peaks/06_MASC2_callpeak/mpg_L18015_12D_veh_S68_peaks.narrowPeak.filt.gz;macs;narrow;12D
MPI002852_204526230008_R05C01;;ATAC;low;veh;1;/Users/anastasiia_hry/Documents/MPIP/SIgne/08_peaks/07_filter_CNV/mpg_L18015_17C_veh_S86.cutadapt.sorted.filtered.rmDups.noCNV.bam;/Users/anastasiia_hry/Documents/MPIP/SIgne/08_peaks/06_MASC2_callpeak/mpg_L18015_17C_veh_S86_peaks.narrowPeak.filt.gz;macs;narrow;17C
MPI002613_204526230010_R08C02;;ATAC;high;veh;1;/Users/anastasiia_hry/Documents/MPIP/SIgne/08_peaks/07_filter_CNV/mpg_L18015_12B_veh_S91.cutadapt.sorted.filtered.rmDups.noCNV.bam;/Users/anastasiia_hry/Documents/MPIP/SIgne/08_peaks/06_MASC2_callpeak/mpg_L18015_12B_veh_S91_peaks.narrowPeak.filt.gz;macs;narrow;12B
MPI001389_204526230008_R06C01;;ATAC;low;dex;2;/Users/anastasiia_hry/Documents/MPIP/SIgne/08_peaks/07_filter_CNV/mpg_L18015_15C_dex_S53.cutadapt.sorted.filtered.rmDups.noCNV.bam;/Users/anastasiia_hry/Documents/MPIP/SIgne/08_peaks/06_MASC2_callpeak/mpg_L18015_15C_dex_S53_peaks.narrowPeak.filt.gz;macs;narrow;15C
MPI003155_204526230008_R07C01;;ATAC;low;dex;2;/Users/anastasiia_hry/Documents/MPIP/SIgne/08_peaks/07_filter_CNV/mpg_L18015_15D_dex_S13.cutadapt.sorted.filtered.rmDups.noCNV.bam;/Users/anastasiia_hry/Documents/MPIP/SIgne/08_peaks/06_MASC2_callpeak/mpg_L18015_15D_dex_S13_peaks.narrowPeak.filt.gz;macs;narrow;15D
MPI000708_204526230010_R07C01;;ATAC;low;dex;2;/Users/anastasiia_hry/Documents/MPIP/SIgne/08_peaks/07_filter_CNV/mpg_L18015_7A_dex_S67.cutadapt.sorted.filtered.rmDups.noCNV.bam;/Users/anastasiia_hry/Documents/MPIP/SIgne/08_peaks/06_MASC2_callpeak/mpg_L18015_7A_dex_S67_peaks.narrowPeak.filt.gz;macs;narrow;7A
MPI003911_204526230008_R10C02;;ATAC;low;veh;1;/Users/anastasiia_hry/Documents/MPIP/SIgne/08_peaks/07_filter_CNV/mpg_L18015_4D_veh_S30.cutadapt.sorted.filtered.rmDups.noCNV.bam;/Users/anastasiia_hry/Documents/MPIP/SIgne/08_peaks/06_MASC2_callpeak/mpg_L18015_4D_veh_S30_peaks.narrowPeak.filt.gz;macs;narrow;4D
MPI001886_204526230008_R04C01;;ATAC;low;dex;2;/Users/anastasiia_hry/Documents/MPIP/SIgne/08_peaks/07_filter_CNV/mpg_L18015_13A_dex_S10.cutadapt.sorted.filtered.rmDups.noCNV.bam;/Users/anastasiia_hry/Documents/MPIP/SIgne/08_peaks/06_MASC2_callpeak/mpg_L18015_13A_dex_S10_peaks.narrowPeak.filt.gz;macs;narrow;13A
MPI003013_204526230010_R06C01;;ATAC;high;dex;2;/Users/anastasiia_hry/Documents/MPIP/SIgne/08_peaks/07_filter_CNV/mpg_L18015_9A_dex_S52.cutadapt.sorted.filtered.rmDups.noCNV.bam;/Users/anastasiia_hry/Documents/MPIP/SIgne/08_peaks/06_MASC2_callpeak/mpg_L18015_9A_dex_S52_peaks.narrowPeak.filt.gz;macs;narrow;9A
MPI002604_204526230008_R09C02;;ATAC;low;veh;1;/Users/anastasiia_hry/Documents/MPIP/SIgne/08_peaks/07_filter_CNV/mpg_L18015_2D_veh_S48.cutadapt.sorted.filtered.rmDups.noCNV.bam;/Users/anastasiia_hry/Documents/MPIP/SIgne/08_peaks/06_MASC2_callpeak/mpg_L18015_2D_veh_S48_peaks.narrowPeak.filt.gz;macs;narrow;2D
MPI002533_204526230010_R11C02;;ATAC;high;veh;1;/Users/anastasiia_hry/Documents/MPIP/SIgne/08_peaks/07_filter_CNV/mpg_L18015_11B_veh_S55.cutadapt.sorted.filtered.rmDups.noCNV.bam;/Users/anastasiia_hry/Documents/MPIP/SIgne/08_peaks/06_MASC2_callpeak/mpg_L18015_11B_veh_S55_peaks.narrowPeak.filt.gz;macs;narrow;11B
MPI001547_204526230008_R05C02;;ATAC;high;veh;1;/Users/anastasiia_hry/Documents/MPIP/SIgne/08_peaks/07_filter_CNV/mpg_L18015_18A_veh_S20.cutadapt.sorted.filtered.rmDups.noCNV.bam;/Users/anastasiia_hry/Documents/MPIP/SIgne/08_peaks/06_MASC2_callpeak/mpg_L18015_18A_veh_S20_peaks.narrowPeak.filt.gz;macs;narrow;18A
MPI000988_204526230010_R05C02;;ATAC;high;dex;2;/Users/anastasiia_hry/Documents/MPIP/SIgne/08_peaks/07_filter_CNV/mpg_L18015_10C_dex_S17.cutadapt.sorted.filtered.rmDups.noCNV.bam;/Users/anastasiia_hry/Documents/MPIP/SIgne/08_peaks/06_MASC2_callpeak/mpg_L18015_10C_dex_S17_peaks.narrowPeak.filt.gz;macs;narrow;10C
MPI004100_204526230010_R09C02;;ATAC;low;veh;1;/Users/anastasiia_hry/Documents/MPIP/SIgne/08_peaks/07_filter_CNV/mpg_L18015_11A_veh_S85.cutadapt.sorted.filtered.rmDups.noCNV.bam;/Users/anastasiia_hry/Documents/MPIP/SIgne/08_peaks/06_MASC2_callpeak/mpg_L18015_11A_veh_S85_peaks.narrowPeak.filt.gz;macs;narrow;11A
MPI003472_204526230008_R08C02;;ATAC;high;dex;2;/Users/anastasiia_hry/Documents/MPIP/SIgne/08_peaks/07_filter_CNV/mpg_L18015_4B_dex_S42.cutadapt.sorted.filtered.rmDups.noCNV.bam;/Users/anastasiia_hry/Documents/MPIP/SIgne/08_peaks/06_MASC2_callpeak/mpg_L18015_4B_dex_S42_peaks.narrowPeak.filt.gz;macs;narrow;4B
MPI001386_204526230008_R11C01;;ATAC;high;veh;1;/Users/anastasiia_hry/Documents/MPIP/SIgne/08_peaks/07_filter_CNV/mpg_L18015_15A_veh_S7.cutadapt.sorted.filtered.rmDups.noCNV.bam;/Users/anastasiia_hry/Documents/MPIP/SIgne/08_peaks/06_MASC2_callpeak/mpg_L18015_15A_veh_S7_peaks.narrowPeak.filt.gz;macs;narrow;15A
MPI003911_204526230008_R10C02;;ATAC;low;dex;2;/Users/anastasiia_hry/Documents/MPIP/SIgne/08_peaks/07_filter_CNV/mpg_L18015_4D_dex_S40.cutadapt.sorted.filtered.rmDups.noCNV.bam;/Users/anastasiia_hry/Documents/MPIP/SIgne/08_peaks/06_MASC2_callpeak/mpg_L18015_4D_dex_S40_peaks.narrowPeak.filt.gz;macs;narrow;4D
MPI003162_204526230008_R02C02;;ATAC;low;veh;1;/Users/anastasiia_hry/Documents/MPIP/SIgne/08_peaks/07_filter_CNV/mpg_L18015_3B_veh_S8.cutadapt.sorted.filtered.rmDups.noCNV.bam;/Users/anastasiia_hry/Documents/MPIP/SIgne/08_peaks/06_MASC2_callpeak/mpg_L18015_3B_veh_S8_peaks.narrowPeak.filt.gz;macs;narrow;3B
MPI001701_204526230010_R03C01;;ATAC;high;dex;2;/Users/anastasiia_hry/Documents/MPIP/SIgne/08_peaks/07_filter_CNV/mpg_L18015_14B_dex_S43.cutadapt.sorted.filtered.rmDups.noCNV.bam;/Users/anastasiia_hry/Documents/MPIP/SIgne/08_peaks/06_MASC2_callpeak/mpg_L18015_14B_dex_S43_peaks.narrowPeak.filt.gz;macs;narrow;14B
MPI002383_204526230010_R02C02;;ATAC;low;dex;2;/Users/anastasiia_hry/Documents/MPIP/SIgne/08_peaks/07_filter_CNV/mpg_L18015_11C_dex_S6.cutadapt.sorted.filtered.rmDups.noCNV.bam;/Users/anastasiia_hry/Documents/MPIP/SIgne/08_peaks/06_MASC2_callpeak/mpg_L18015_11C_dex_S6_peaks.narrowPeak.filt.gz;macs;narrow;11C
MPI002658_204526230010_R05C01;;ATAC;low;veh;1;/Users/anastasiia_hry/Documents/MPIP/SIgne/08_peaks/07_filter_CNV/mpg_L18015_17D_veh_S51.cutadapt.sorted.filtered.rmDups.noCNV.bam;/Users/anastasiia_hry/Documents/MPIP/SIgne/08_peaks/06_MASC2_callpeak/mpg_L18015_17D_veh_S51_peaks.narrowPeak.filt.gz;macs;narrow;17D
MPI001766_204526230008_R12C01;;ATAC;low;dex;2;/Users/anastasiia_hry/Documents/MPIP/SIgne/08_peaks/07_filter_CNV/mpg_L18015_14C_dex_S37.cutadapt.sorted.filtered.rmDups.noCNV.bam;/Users/anastasiia_hry/Documents/MPIP/SIgne/08_peaks/06_MASC2_callpeak/mpg_L18015_14C_dex_S37_peaks.narrowPeak.filt.gz;macs;narrow;14C
MPI002852_204526230008_R05C01;;ATAC;low;dex;2;/Users/anastasiia_hry/Documents/MPIP/SIgne/08_peaks/07_filter_CNV/mpg_L18015_17C_dex_S76.cutadapt.sorted.filtered.rmDups.noCNV.bam;/Users/anastasiia_hry/Documents/MPIP/SIgne/08_peaks/06_MASC2_callpeak/mpg_L18015_17C_dex_S76_peaks.narrowPeak.filt.gz;macs;narrow;17C
MPI001263_204526230010_R11C01;;ATAC;high;dex;2;/Users/anastasiia_hry/Documents/MPIP/SIgne/08_peaks/07_filter_CNV/mpg_L18015_7D_dex_S34.cutadapt.sorted.filtered.rmDups.noCNV.bam;/Users/anastasiia_hry/Documents/MPIP/SIgne/08_peaks/06_MASC2_callpeak/mpg_L18015_7D_dex_S34_peaks.narrowPeak.filt.gz;macs;narrow;7D
MPI004198_204526230010_R02C01;;ATAC;low;veh;1;/Users/anastasiia_hry/Documents/MPIP/SIgne/08_peaks/07_filter_CNV/mpg_L18015_16C_veh_S15.cutadapt.sorted.filtered.rmDups.noCNV.bam;/Users/anastasiia_hry/Documents/MPIP/SIgne/08_peaks/06_MASC2_callpeak/mpg_L18015_16C_veh_S15_peaks.narrowPeak.filt.gz;macs;narrow;16C
MPI003353_204526230010_R07C02;;ATAC;low;dex;2;/Users/anastasiia_hry/Documents/MPIP/SIgne/08_peaks/07_filter_CNV/mpg_L18015_10D_dex_S39.cutadapt.sorted.filtered.rmDups.noCNV.bam;/Users/anastasiia_hry/Documents/MPIP/SIgne/08_peaks/06_MASC2_callpeak/mpg_L18015_10D_dex_S39_peaks.narrowPeak.filt.gz;macs;narrow;10D
MPI001667_204526230008_R06C02;;ATAC;high;dex;2;/Users/anastasiia_hry/Documents/MPIP/SIgne/08_peaks/07_filter_CNV/mpg_L18015_3D_dex_S25.cutadapt.sorted.filtered.rmDups.noCNV.bam;/Users/anastasiia_hry/Documents/MPIP/SIgne/08_peaks/06_MASC2_callpeak/mpg_L18015_3D_dex_S25_peaks.narrowPeak.filt.gz;macs;narrow;3D
MPI002319_204526230008_R02C01;;ATAC;low;dex;2;/Users/anastasiia_hry/Documents/MPIP/SIgne/08_peaks/07_filter_CNV/mpg_L18015_16E_dex_S23.cutadapt.sorted.filtered.rmDups.noCNV.bam;/Users/anastasiia_hry/Documents/MPIP/SIgne/08_peaks/06_MASC2_callpeak/mpg_L18015_16E_dex_S23_peaks.narrowPeak.filt.gz;macs;narrow;16E
MPI003785_204526230008_R09C01;;ATAC;high;veh;1;/Users/anastasiia_hry/Documents/MPIP/SIgne/08_peaks/07_filter_CNV/mpg_L18015_14A_veh_S65.cutadapt.sorted.filtered.rmDups.noCNV.bam;/Users/anastasiia_hry/Documents/MPIP/SIgne/08_peaks/06_MASC2_callpeak/mpg_L18015_14A_veh_S65_peaks.narrowPeak.filt.gz;macs;narrow;14A
MPI001048_204526230010_R03C02;;ATAC;high;dex;2;/Users/anastasiia_hry/Documents/MPIP/SIgne/08_peaks/07_filter_CNV/mpg_L18015_10B_dex_S47.cutadapt.sorted.filtered.rmDups.noCNV.bam;/Users/anastasiia_hry/Documents/MPIP/SIgne/08_peaks/06_MASC2_callpeak/mpg_L18015_10B_dex_S47_peaks.narrowPeak.filt.gz;macs;narrow;10B
MPI002095_204526230010_R10C02;;ATAC;low;dex;2;/Users/anastasiia_hry/Documents/MPIP/SIgne/08_peaks/07_filter_CNV/mpg_L18015_12C_dex_S81.cutadapt.sorted.filtered.rmDups.noCNV.bam;/Users/anastasiia_hry/Documents/MPIP/SIgne/08_peaks/06_MASC2_callpeak/mpg_L18015_12C_dex_S81_peaks.narrowPeak.filt.gz;macs;narrow;12C
MPI002088_204526230010_R01C02;;ATAC;low;veh;1;/Users/anastasiia_hry/Documents/MPIP/SIgne/08_peaks/07_filter_CNV/mpg_L18015_10A_veh_S77.cutadapt.sorted.filtered.rmDups.noCNV.bam;/Users/anastasiia_hry/Documents/MPIP/SIgne/08_peaks/06_MASC2_callpeak/mpg_L18015_10A_veh_S77_peaks.narrowPeak.filt.gz;macs;narrow;10A